Year;Official Code State;Official Name State;Official Code Local Government Area;Official Name Local Government Area;Iso 3166-3 Area Code;Type;Long Official Name Local Government Area
2021;1;New South Wales;10650;Berrigan;AUS;local government area;Berrigan
2021;1;New South Wales;10850;Blayney;AUS;local government area;Blayney
2021;1;New South Wales;11500;Campbelltown;AUS;local government area;Campbelltown (NSW)
2021;1;New South Wales;11700;Central Darling;AUS;local government area;Central Darling
2021;1;New South Wales;15990;Northern Beaches;AUS;local government area;Northern Beaches
2021;2;Victoria;21750;Colac Otway;AUS;local government area;Colac Otway
2021;3;Queensland;30410;Barcaldine;AUS;local government area;Barcaldine
2021;4;South Australia;45120;Northern Areas;AUS;local government area;Northern Areas
2021;4;South Australia;46090;Port Augusta;AUS;local government area;Port Augusta
2021;5;Western Australia;52800;Derby-West Kimberley;AUS;local government area;Derby-West Kimberley
2021;5;Western Australia;53570;Gingin;AUS;local government area;Gingin
2021;5;Western Australia;55600;Moora;AUS;local government area;Moora
2021;5;Western Australia;57840;South Perth;AUS;local government area;South Perth
2021;6;Tasmania;64010;Launceston;AUS;local government area;Launceston
2021;7;Northern Territory;70620;Central Desert;AUS;local government area;Central Desert
2021;1;New South Wales;11300;Burwood;AUS;local government area;Burwood
2021;1;New South Wales;11750;Cobar;AUS;local government area;Cobar
2021;1;New South Wales;14000;Hornsby;AUS;local government area;Hornsby
2021;1;New South Wales;14750;Leeton;AUS;local government area;Leeton
2021;1;New South Wales;17200;Sydney;AUS;local government area;Sydney
2021;2;Victoria;22670;Greater Dandenong;AUS;local government area;Greater Dandenong
2021;2;Victoria;22910;Hepburn;AUS;local government area;Hepburn
2021;2;Victoria;24410;Maroondah;AUS;local government area;Maroondah
2021;2;Victoria;24850;Mitchell;AUS;local government area;Mitchell
2021;3;Queensland;33620;Gympie;AUS;local government area;Gympie
2021;3;Queensland;35670;Napranum;AUS;local government area;Napranum
2021;3;Queensland;36660;Southern Downs;AUS;local government area;Southern Downs
2021;4;South Australia;40120;Adelaide Hills;AUS;local government area;Adelaide Hills
2021;4;South Australia;43360;Kingston;AUS;local government area;Kingston (SA)
2021;4;South Australia;43710;Lower Eyre Peninsula;AUS;local government area;Lower Eyre Peninsula
2021;5;Western Australia;53430;Fremantle;AUS;local government area;Fremantle
2021;5;Western Australia;54620;Kondinin;AUS;local government area;Kondinin
2021;5;Western Australia;55950;Mukinbudin;AUS;local government area;Mukinbudin
2021;5;Western Australia;56230;Murray;AUS;local government area;Murray
2021;5;Western Australia;59360;Yilgarn;AUS;local government area;Yilgarn
2021;1;New South Wales;11520;Canada Bay;AUS;local government area;Canada Bay
2021;1;New South Wales;12930;Georges River;AUS;local government area;Georges River
2021;1;New South Wales;13340;Greater Hume Shire;AUS;local government area;Greater Hume Shire
2021;1;New South Wales;14300;Junee;AUS;local government area;Junee
2021;1;New South Wales;17150;Sutherland Shire;AUS;local government area;Sutherland Shire
2021;1;New South Wales;18200;Wentworth;AUS;local government area;Wentworth
2021;2;Victoria;22110;East Gippsland;AUS;local government area;East Gippsland
2021;2;Victoria;25990;Pyrenees;AUS;local government area;Pyrenees
2021;4;South Australia;47290;Southern Mallee;AUS;local government area;Southern Mallee
2021;5;Western Australia;50840;Bridgetown-Greenbushes;AUS;local government area;Bridgetown-Greenbushes
2021;5;Western Australia;51310;Cambridge;AUS;local government area;Cambridge
2021;5;Western Australia;56160;Murchison;AUS;local government area;Murchison
2021;5;Western Australia;56300;Nannup;AUS;local government area;Nannup
2021;5;Western Australia;56460;Narrogin;AUS;local government area;Narrogin
2021;5;Western Australia;57910;Stirling;AUS;local government area;Stirling
2021;5;Western Australia;59310;Wongan-Ballidu;AUS;local government area;Wongan-Ballidu
2021;6;Tasmania;60210;Break O'Day;AUS;local government area;Break O'Day
2021;1;New South Wales;12900;Forbes;AUS;local government area;Forbes
2021;1;New South Wales;14170;Inner West;AUS;local government area;Inner West
2021;1;New South Wales;14500;Ku-ring-gai;AUS;local government area;Ku-ring-gai
2021;1;New South Wales;15350;Mosman;AUS;local government area;Mosman
2021;2;Victoria;20910;Bayside;AUS;local government area;Bayside (Vic.)
2021;2;Victoria;22750;Greater Geelong;AUS;local government area;Greater Geelong
2021;2;Victoria;24650;Melton;AUS;local government area;Melton
2021;2;Victoria;26350;Stonnington;AUS;local government area;Stonnington
2021;3;Queensland;31750;Bulloo;AUS;local government area;Bulloo
2021;3;Queensland;33360;Gladstone;AUS;local government area;Gladstone
2021;3;Queensland;34530;Livingstone;AUS;local government area;Livingstone
2021;3;Queensland;34580;Lockyer Valley;AUS;local government area;Lockyer Valley
2021;3;Queensland;37550;Woorabinda;AUS;local government area;Woorabinda
2021;4;South Australia;40310;Barossa;AUS;local government area;Barossa
2021;4;South Australia;41750;Elliston;AUS;local government area;Elliston
2021;4;South Australia;45040;Murray Bridge;AUS;local government area;Murray Bridge
2021;4;South Australia;47700;Tea Tree Gully;AUS;local government area;Tea Tree Gully
2021;5;Western Australia;50350;Bassendean;AUS;local government area;Bassendean
2021;5;Western Australia;52030;Coorow;AUS;local government area;Coorow
2021;5;Western Australia;52730;Denmark;AUS;local government area;Denmark
2021;5;Western Australia;53990;Harvey;AUS;local government area;Harvey
2021;5;Western Australia;55180;Manjimup;AUS;local government area;Manjimup
2021;5;Western Australia;55530;Mingenew;AUS;local government area;Mingenew
2021;5;Western Australia;55810;Mount Magnet;AUS;local government area;Mount Magnet
2021;6;Tasmania;60410;Brighton;AUS;local government area;Brighton
2021;6;Tasmania;61010;Central Highlands;AUS;local government area;Central Highlands (Tas.)
2021;6;Tasmania;65010;Southern Midlands;AUS;local government area;Southern Midlands
2021;1;New South Wales;11150;Bourke;AUS;local government area;Bourke
2021;1;New South Wales;12000;Coolamon;AUS;local government area;Coolamon
2021;1;New South Wales;15700;Nambucca Valley;AUS;local government area;Nambucca Valley
2021;2;Victoria;22250;Gannawarra;AUS;local government area;Gannawarra
2021;3;Queensland;30370;Banana;AUS;local government area;Banana
2021;3;Queensland;33100;Etheridge;AUS;local government area;Etheridge
2021;3;Queensland;34830;Mapoon;AUS;local government area;Mapoon
2021;3;Queensland;35300;Mount Isa;AUS;local government area;Mount Isa
2021;3;Queensland;37600;Yarrabah;AUS;local government area;Yarrabah
2021;4;South Australia;40070;Adelaide;AUS;local government area;Adelaide
2021;4;South Australia;43220;Kimba;AUS;local government area;Kimba
2021;4;South Australia;44000;Maralinga Tjarutja;AUS;local government area;Maralinga Tjarutja
2021;4;South Australia;45400;Orroroo Carrieton;AUS;local government area;Orroroo Carrieton
2021;4;South Australia;46670;Renmark Paringa;AUS;local government area;Renmark Paringa
2021;4;South Australia;47980;Unley;AUS;local government area;Unley
2021;5;Western Australia;54060;Irwin;AUS;local government area;Irwin
2021;5;Western Australia;54690;Koorda;AUS;local government area;Koorda
2021;5;Western Australia;54830;Kwinana;AUS;local government area;Kwinana
2021;5;Western Australia;55320;Melville;AUS;local government area;Melville
2021;6;Tasmania;62210;George Town;AUS;local government area;George Town
2021;7;Northern Territory;71000;Darwin;AUS;local government area;Darwin
2021;1;New South Wales;11450;Camden;AUS;local government area;Camden
2021;1;New South Wales;11730;Clarence Valley;AUS;local government area;Clarence Valley
2021;1;New South Wales;15800;Narrandera;AUS;local government area;Narrandera
2021;1;New South Wales;16610;Richmond Valley;AUS;local government area;Richmond Valley
2021;1;New South Wales;17640;Upper Lachlan Shire;AUS;local government area;Upper Lachlan Shire
2021;2;Victoria;23670;Knox;AUS;local government area;Knox
2021;2;Victoria;26170;South Gippsland;AUS;local government area;South Gippsland
2021;3;Queensland;31000;Brisbane;AUS;local government area;Brisbane
2021;3;Queensland;32500;Cook;AUS;local government area;Cook
2021;3;Queensland;33610;Goondiwindi;AUS;local government area;Goondiwindi
2021;3;Queensland;34800;McKinlay;AUS;local government area;McKinlay
2021;3;Queensland;36950;Torres;AUS;local government area;Torres
2021;4;South Australia;41960;Franklin Harbour;AUS;local government area;Franklin Harbour
2021;4;South Australia;43080;Karoonda East Murray;AUS;local government area;Karoonda East Murray
2021;4;South Australia;48130;Wakefield;AUS;local government area;Wakefield
2021;5;Western Australia;51330;Canning;AUS;local government area;Canning
2021;5;Western Australia;52100;Corrigin;AUS;local government area;Corrigin
2021;5;Western Australia;52450;Cunderdin;AUS;local government area;Cunderdin
2021;5;Western Australia;56370;Narembeen;AUS;local government area;Narembeen
2021;5;Western Australia;59340;Wyndham-East Kimberley;AUS;local government area;Wyndham-East Kimberley
2021;6;Tasmania;63210;Kentish;AUS;local government area;Kentish
2021;1;New South Wales;10180;Armidale Regional;AUS;local government area;Armidale Regional
2021;1;New South Wales;11800;Coffs Harbour;AUS;local government area;Coffs Harbour
2021;1;New South Wales;12380;Cumberland;AUS;local government area;Cumberland
2021;2;Victoria;21110;Boroondara;AUS;local government area;Boroondara
2021;2;Victoria;25250;Moreland;AUS;local government area;Moreland
2021;3;Queensland;32270;Central Highlands;AUS;local government area;Central Highlands (Qld)
2021;3;Queensland;32310;Charters Towers;AUS;local government area;Charters Towers
2021;3;Queensland;35800;Paroo;AUS;local government area;Paroo
2021;4;South Australia;40520;Berri Barmera;AUS;local government area;Berri Barmera
2021;4;South Australia;46300;Port Lincoln;AUS;local government area;Port Lincoln
2021;4;South Australia;47140;Salisbury;AUS;local government area;Salisbury
2021;5;Western Australia;50210;Armadale;AUS;local government area;Armadale
2021;5;Western Australia;51400;Capel;AUS;local government area;Capel
2021;5;Western Australia;53010;Dumbleyung;AUS;local government area;Dumbleyung
2021;5;Western Australia;54310;Karratha;AUS;local government area;Karratha
2021;5;Western Australia;54340;Katanning;AUS;local government area;Katanning
2021;5;Western Australia;55110;Mandurah;AUS;local government area;Mandurah
2021;5;Western Australia;55740;Mosman Park;AUS;local government area;Mosman Park
2021;6;Tasmania;63010;Huon Valley;AUS;local government area;Huon Valley
2021;7;Northern Territory;79399;Unincorporated NT;AUS;local government area;Unincorporated NT
2021;1;New South Wales;14700;Lane Cove;AUS;local government area;Lane Cove
2021;1;New South Wales;15300;Moree Plains;AUS;local government area;Moree Plains
2021;1;New South Wales;15850;Narromine;AUS;local government area;Narromine
2021;1;New South Wales;17650;Uralla;AUS;local government area;Uralla
2021;2;Victoria;23350;Indigo;AUS;local government area;Indigo
2021;2;Victoria;26610;Swan Hill;AUS;local government area;Swan Hill
2021;4;South Australia;40250;Anangu Pitjantjatjara Yunkunytjatjara;AUS;local government area;Anangu Pitjantjatjara Yunkunytjatjara
2021;4;South Australia;46970;Roxby Downs;AUS;local government area;Roxby Downs
2021;4;South Australia;47630;Tatiara;AUS;local government area;Tatiara
2021;4;South Australia;48830;Yorke Peninsula;AUS;local government area;Yorke Peninsula
2021;5;Western Australia;53640;Gnowangerup;AUS;local government area;Gnowangerup
2021;5;Western Australia;56930;Peppermint Grove;AUS;local government area;Peppermint Grove
2021;6;Tasmania;61210;Circular Head;AUS;local government area;Circular Head
2021;7;Northern Territory;73600;Roper Gulf;AUS;local government area;Roper Gulf
2021;1;New South Wales;10600;Bellingen;AUS;local government area;Bellingen
2021;1;New South Wales;14550;Kyogle;AUS;local government area;Kyogle
2021;1;New South Wales;17000;Singleton;AUS;local government area;Singleton
2021;1;New South Wales;17350;Temora;AUS;local government area;Temora
2021;1;New South Wales;17950;Warren;AUS;local government area;Warren
2021;2;Victoria;24210;Manningham;AUS;local government area;Manningham
2021;2;Victoria;26080;Queenscliffe;AUS;local government area;Queenscliffe
2021;2;Victoria;26260;Southern Grampians;AUS;local government area;Southern Grampians
2021;2;Victoria;27450;Yarra Ranges;AUS;local government area;Yarra Ranges
2021;3;Queensland;31900;Burdekin;AUS;local government area;Burdekin
2021;3;Queensland;32080;Cairns;AUS;local government area;Cairns
2021;3;Queensland;34570;Lockhart River;AUS;local government area;Lockhart River
2021;4;South Australia;41010;Ceduna;AUS;local government area;Ceduna
2021;4;South Australia;41330;Coober Pedy;AUS;local government area;Coober Pedy
2021;4;South Australia;45090;Naracoorte Lucindale;AUS;local government area;Naracoorte Lucindale
2021;4;South Australia;45290;Norwood Payneham and St Peters;AUS;local government area;Norwood Payneham and St Peters
2021;5;Western Australia;50980;Broome;AUS;local government area;Broome
2021;5;Western Australia;51120;Bruce Rock;AUS;local government area;Bruce Rock
2021;5;Western Australia;52380;Cue;AUS;local government area;Cue
2021;5;Western Australia;57140;Pingelly;AUS;local government area;Pingelly
2021;5;Western Australia;57210;Plantagenet;AUS;local government area;Plantagenet
2021;5;Western Australia;57490;Rockingham;AUS;local government area;Rockingham
2021;6;Tasmania;64610;Northern Midlands;AUS;local government area;Northern Midlands
2021;7;Northern Territory;74550;Victoria Daly;AUS;local government area;Victoria Daly
2021;1;New South Wales;14350;Kempsey;AUS;local government area;Kempsey
2021;1;New South Wales;14920;Liverpool Plains;AUS;local government area;Liverpool Plains
2021;1;New South Wales;16100;Oberon;AUS;local government area;Oberon
2021;1;New South Wales;18400;Wollondilly;AUS;local government area;Wollondilly
2021;2;Victoria;22980;Hindmarsh;AUS;local government area;Hindmarsh
2021;2;Victoria;25150;Moorabool;AUS;local government area;Moorabool
2021;2;Victoria;27070;Whittlesea;AUS;local government area;Whittlesea
2021;2;Victoria;29399;Unincorporated Vic;AUS;local government area;Unincorporated Vic
2021;3;Queensland;30760;Blackall Tambo;AUS;local government area;Blackall Tambo
2021;4;South Australia;44340;Mitcham;AUS;local government area;Mitcham
2021;4;South Australia;46860;Robe;AUS;local government area;Robe
2021;4;South Australia;48640;Wudinna;AUS;local government area;Wudinna
2021;5;Western Australia;53920;Halls Creek;AUS;local government area;Halls Creek
2021;7;Northern Territory;70200;Alice Springs;AUS;local government area;Alice Springs
2021;7;Northern Territory;72800;Palmerston;AUS;local government area;Palmerston
2021;7;Northern Territory;74050;Tiwi Islands;AUS;local government area;Tiwi Islands
2021;1;New South Wales;12700;Dungog;AUS;local government area;Dungog
2021;1;New South Wales;13660;Gwydir;AUS;local government area;Gwydir
2021;1;New South Wales;16900;Shellharbour;AUS;local government area;Shellharbour
2021;1;New South Wales;16950;Shoalhaven;AUS;local government area;Shoalhaven
2021;2;Victoria;21450;Cardinia;AUS;local government area;Cardinia
2021;3;Queensland;32250;Carpentaria;AUS;local government area;Carpentaria
2021;3;Queensland;35600;Murweh;AUS;local government area;Murweh
2021;3;Queensland;36070;Pormpuraaw;AUS;local government area;Pormpuraaw
2021;4;South Australia;43650;Light;AUS;local government area;Light
2021;4;South Australia;45340;Onkaparinga;AUS;local government area;Onkaparinga
2021;5;Western Australia;50770;Boyup Brook;AUS;local government area;Boyup Brook
2021;5;Western Australia;51680;Chittering;AUS;local government area;Chittering
2021;5;Western Australia;52240;Cranbrook;AUS;local government area;Cranbrook
2021;5;Western Australia;52660;Dardanup;AUS;local government area;Dardanup
2021;5;Western Australia;55880;Mount Marshall;AUS;local government area;Mount Marshall
2021;5;Western Australia;57080;Perth;AUS;local government area;Perth
2021;5;Western Australia;57770;Shark Bay;AUS;local government area;Shark Bay
2021;5;Western Australia;58570;Vincent;AUS;local government area;Vincent
2021;5;Western Australia;58610;Wagin;AUS;local government area;Wagin
2021;5;Western Australia;58820;Waroona;AUS;local government area;Waroona
2021;5;Western Australia;59250;Wiluna;AUS;local government area;Wiluna
2021;5;Western Australia;59370;York;AUS;local government area;York
2021;1;New South Wales;11600;Carrathool;AUS;local government area;Carrathool
2021;1;New South Wales;13010;Glen Innes Severn;AUS;local government area;Glen Innes Severn
2021;1;New South Wales;15270;Mid-Western Regional;AUS;local government area;Mid-Western Regional
2021;1;New South Wales;15520;Murray River;AUS;local government area;Murray River
2021;2;Victoria;20830;Baw Baw;AUS;local government area;Baw Baw
2021;4;South Australia;40430;Barunga West;AUS;local government area;Barunga West
2021;4;South Australia;47910;Tumby Bay;AUS;local government area;Tumby Bay
2021;4;South Australia;49399;Unincorporated SA;AUS;local government area;Unincorporated SA
2021;5;Western Australia;55250;Meekatharra;AUS;local government area;Meekatharra
2021;5;Western Australia;59030;Westonia;AUS;local government area;Westonia
2021;1;New South Wales;10900;Blue Mountains;AUS;local government area;Blue Mountains
2021;1;New South Wales;13310;Goulburn Mulwaree;AUS;local government area;Goulburn Mulwaree
2021;1;New South Wales;14850;Lismore;AUS;local government area;Lismore
2021;1;New South Wales;15240;Mid-Coast;AUS;local government area;Mid-Coast
2021;2;Victoria;20740;Bass Coast;AUS;local government area;Bass Coast
2021;2;Victoria;21670;Central Goldfields;AUS;local government area;Central Goldfields
2021;2;Victoria;27170;Wodonga;AUS;local government area;Wodonga
2021;4;South Australia;44620;Mount Gambier;AUS;local government area;Mount Gambier
2021;5;Western Australia;51750;Claremont;AUS;local government area;Claremont
2021;5;Western Australia;53290;Esperance;AUS;local government area;Esperance
2021;5;Western Australia;54130;Jerramungup;AUS;local government area;Jerramungup
2021;5;Western Australia;58260;Three Springs;AUS;local government area;Three Springs
2021;5;Western Australia;58890;West Arthur;AUS;local government area;West Arthur
2021;7;Northern Territory;70420;Barkly;AUS;local government area;Barkly
2021;7;Northern Territory;70540;Belyuen;AUS;local government area;Belyuen
2021;7;Northern Territory;72200;Katherine;AUS;local government area;Katherine
2021;7;Northern Territory;74660;West Arnhem;AUS;local government area;West Arnhem
2021;1;New South Wales;11350;Byron;AUS;local government area;Byron
2021;2;Victoria;23190;Horsham;AUS;local government area;Horsham
2021;2;Victoria;25060;Moonee Valley;AUS;local government area;Moonee Valley
2021;2;Victoria;25810;Northern Grampians;AUS;local government area;Northern Grampians
2021;3;Queensland;30450;Barcoo;AUS;local government area;Barcoo
2021;3;Queensland;35780;Northern Peninsula Area;AUS;local government area;Northern Peninsula Area
2021;3;Queensland;36580;Somerset;AUS;local government area;Somerset
2021;5;Western Australia;51470;Carnamah;AUS;local government area;Carnamah
2021;5;Western Australia;53780;Gosnells;AUS;local government area;Gosnells
2021;5;Western Australia;54480;Kent;AUS;local government area;Kent
2021;5;Western Australia;56860;Nungarin;AUS;local government area;Nungarin
2021;5;Western Australia;58330;Toodyay;AUS;local government area;Toodyay
2021;5;Western Australia;58680;Wandering;AUS;local government area;Wandering
2021;5;Western Australia;59100;Wickepin;AUS;local government area;Wickepin
2021;1;New South Wales;12730;Edward River;AUS;local government area;Edward River
2021;1;New South Wales;13800;Hawkesbury;AUS;local government area;Hawkesbury
2021;1;New South Wales;15650;Muswellbrook;AUS;local government area;Muswellbrook
2021;1;New South Wales;16400;Port Stephens;AUS;local government area;Port Stephens
2021;1;New South Wales;17850;Walcha;AUS;local government area;Walcha
2021;2;Victoria;21890;Darebin;AUS;local government area;Darebin
2021;2;Victoria;26430;Strathbogie;AUS;local government area;Strathbogie
2021;3;Queensland;33980;Isaac;AUS;local government area;Isaac
2021;3;Queensland;34860;Maranoa;AUS;local government area;Maranoa
2021;3;Queensland;36720;Sunshine Coast;AUS;local government area;Sunshine Coast
2021;3;Queensland;37400;Winton;AUS;local government area;Winton
2021;3;Queensland;37570;Wujal Wujal;AUS;local government area;Wujal Wujal
2021;4;South Australia;41060;Charles Sturt;AUS;local government area;Charles Sturt
2021;4;South Australia;41560;Copper Coast;AUS;local government area;Copper Coast
2021;4;South Australia;45890;Port Adelaide Enfield;AUS;local government area;Port Adelaide Enfield
2021;5;Western Australia;50490;Belmont;AUS;local government area;Belmont
2021;5;Western Australia;56790;Northampton;AUS;local government area;Northampton
2021;5;Western Australia;58050;Swan;AUS;local government area;Swan
2021;5;Western Australia;59350;Yalgoo;AUS;local government area;Yalgoo
2021;6;Tasmania;65610;West Coast;AUS;local government area;West Coast
2021;7;Northern Territory;72330;MacDonnell;AUS;local government area;MacDonnell
2021;1;New South Wales;10300;Balranald;AUS;local government area;Balranald
2021;1;New South Wales;12750;Eurobodalla;AUS;local government area;Eurobodalla
2021;1;New South Wales;12850;Fairfield;AUS;local government area;Fairfield
2021;1;New South Wales;16200;Parkes;AUS;local government area;Parkes
2021;1;New South Wales;16380;Port Macquarie-Hastings;AUS;local government area;Port Macquarie-Hastings
2021;1;New South Wales;18500;Woollahra;AUS;local government area;Woollahra
2021;2;Victoria;20110;Alpine;AUS;local government area;Alpine
2021;2;Victoria;22310;Glen Eira;AUS;local government area;Glen Eira
2021;2;Victoria;25620;Murrindindi;AUS;local government area;Murrindindi
2021;3;Queensland;30300;Balonne;AUS;local government area;Balonne
2021;3;Queensland;34420;Kowanyama;AUS;local government area;Kowanyama
2021;3;Queensland;35250;Mornington;AUS;local government area;Mornington
2021;3;Queensland;36960;Torres Strait Island;AUS;local government area;Torres Strait Island
2021;4;South Australia;40150;Adelaide Plains;AUS;local government area;Adelaide Plains
2021;4;South Australia;42750;Kangaroo Island;AUS;local government area;Kangaroo Island
2021;4;South Australia;48050;Victor Harbor;AUS;local government area;Victor Harbor
2021;5;Western Australia;53080;Dundas;AUS;local government area;Dundas
2021;5;Western Australia;58540;Victoria Plains;AUS;local government area;Victoria Plains
2021;6;Tasmania;64810;Sorell;AUS;local government area;Sorell
2021;7;Northern Territory;71150;Darwin Waterfront Precinct;AUS;local government area;Darwin Waterfront Precinct
2021;7;Northern Territory;74680;West Daly;AUS;local government area;West Daly
2021;8;Australian Capital Territory;89399;Unincorporated ACT;AUS;local government area;Unincorporated ACT
2021;1;New South Wales;10800;Bland;AUS;local government area;Bland
2021;1;New South Wales;15750;Narrabri;AUS;local government area;Narrabri
2021;1;New South Wales;16350;Penrith;AUS;local government area;Penrith
2021;1;New South Wales;17080;Snowy Valleys;AUS;local government area;Snowy Valleys
2021;1;New South Wales;18450;Wollongong;AUS;local government area;Wollongong
2021;2;Victoria;23430;Kingston;AUS;local government area;Kingston (Vic.)
2021;2;Victoria;24600;Melbourne;AUS;local government area;Melbourne
2021;2;Victoria;24900;Moira;AUS;local government area;Moira
2021;2;Victoria;26670;Towong;AUS;local government area;Towong
2021;3;Queensland;30250;Aurukun;AUS;local government area;Aurukun
2021;3;Queensland;30900;Boulia;AUS;local government area;Boulia
2021;3;Queensland;35760;North Burnett;AUS;local government area;North Burnett
2021;5;Western Australia;51960;Coolgardie;AUS;local government area;Coolgardie
2021;5;Western Australia;54760;Kulin;AUS;local government area;Kulin
2021;5;Western Australia;57000;Perenjori;AUS;local government area;Perenjori
2021;5;Western Australia;57280;Port Hedland;AUS;local government area;Port Hedland
2021;5;Western Australia;58400;Trayning;AUS;local government area;Trayning
2021;5;Western Australia;59170;Williams;AUS;local government area;Williams
2021;5;Western Australia;59330;Wyalkatchem;AUS;local government area;Wyalkatchem
2021;6;Tasmania;61410;Clarence;AUS;local government area;Clarence
2021;6;Tasmania;61510;Derwent Valley;AUS;local government area;Derwent Valley
2021;6;Tasmania;61610;Devonport;AUS;local government area;Devonport
2021;6;Tasmania;62010;Flinders;AUS;local government area;Flinders (Tas.)
2021;6;Tasmania;63410;King Island;AUS;local government area;King Island
2021;1;New South Wales;10550;Bega Valley;AUS;local government area;Bega Valley
2021;1;New South Wales;10950;Bogan;AUS;local government area;Bogan
2021;1;New South Wales;15950;North Sydney;AUS;local government area;North Sydney
2021;1;New South Wales;18020;Warrumbungle Shire;AUS;local government area;Warrumbungle Shire
2021;1;New South Wales;18710;Yass Valley;AUS;local government area;Yass Valley
2021;1;New South Wales;19399;Unincorporated NSW;AUS;local government area;Unincorporated NSW
2021;2;Victoria;21370;Campaspe;AUS;local government area;Campaspe
2021;2;Victoria;21610;Casey;AUS;local government area;Casey
2021;2;Victoria;22170;Frankston;AUS;local government area;Frankston
2021;2;Victoria;25490;Moyne;AUS;local government area;Moyne
2021;2;Victoria;26700;Wangaratta;AUS;local government area;Wangaratta
2021;3;Queensland;32260;Cassowary Coast;AUS;local government area;Cassowary Coast
2021;3;Queensland;32810;Douglas;AUS;local government area;Douglas
2021;4;South Australia;44550;Mount Barker;AUS;local government area;Mount Barker
2021;5;Western Australia;51540;Carnarvon;AUS;local government area;Carnarvon
2021;5;Western Australia;51610;Chapman Valley;AUS;local government area;Chapman Valley
2021;5;Western Australia;55670;Morawa;AUS;local government area;Morawa
2021;5;Western Australia;56090;Mundaring;AUS;local government area;Mundaring
2021;5;Western Australia;58190;Tammin;AUS;local government area;Tammin
2021;5;Western Australia;58760;Wanneroo;AUS;local government area;Wanneroo
2021;6;Tasmania;60810;Central Coast;AUS;local government area;Central Coast (Tas.)
2021;6;Tasmania;61810;Dorset;AUS;local government area;Dorset
2021;6;Tasmania;62410;Glamorgan-Spring Bay;AUS;local government area;Glamorgan-Spring Bay
2021;6;Tasmania;64210;Meander Valley;AUS;local government area;Meander Valley
2021;7;Northern Territory;70700;Coomalie;AUS;local government area;Coomalie
2021;1;New South Wales;13550;Gunnedah;AUS;local government area;Gunnedah
2021;1;New South Wales;17310;Tamworth Regional;AUS;local government area;Tamworth Regional
2021;1;New South Wales;17420;The Hills Shire;AUS;local government area;The Hills Shire
2021;2;Victoria;20260;Ararat;AUS;local government area;Ararat
2021;2;Victoria;22410;Glenelg;AUS;local government area;Glenelg
2021;2;Victoria;25430;Mount Alexander;AUS;local government area;Mount Alexander
2021;2;Victoria;25900;Port Phillip;AUS;local government area;Port Phillip
2021;2;Victoria;27350;Yarra;AUS;local government area;Yarra
2021;3;Queensland;31950;Burke;AUS;local government area;Burke
2021;3;Queensland;32750;Diamantina;AUS;local government area;Diamantina
2021;3;Queensland;34770;Mackay;AUS;local government area;Mackay
2021;3;Queensland;36150;Quilpie;AUS;local government area;Quilpie
2021;3;Queensland;36630;South Burnett;AUS;local government area;South Burnett
2021;3;Queensland;37340;Whitsunday;AUS;local government area;Whitsunday
2021;4;South Australia;47490;Streaky Bay;AUS;local government area;Streaky Bay
2021;4;South Australia;48410;West Torrens;AUS;local government area;West Torrens
2021;4;South Australia;48750;Yankalilla;AUS;local government area;Yankalilla
2021;5;Western Australia;50630;Boddington;AUS;local government area;Boddington
2021;9;Other Territories;51860;Cocos Islands;AUS;local government area;Cocos Islands
2021;5;Western Australia;52310;Cuballing;AUS;local government area;Cuballing
2021;5;Western Australia;52590;Dandaragan;AUS;local government area;Dandaragan
2021;5;Western Australia;53150;East Fremantle;AUS;local government area;East Fremantle
2021;5;Western Australia;53220;East Pilbara;AUS;local government area;East Pilbara
2021;5;Western Australia;57420;Ravensthorpe;AUS;local government area;Ravensthorpe
2021;5;Western Australia;57630;Sandstone;AUS;local government area;Sandstone
2021;6;Tasmania;62610;Glenorchy;AUS;local government area;Glenorchy
2021;6;Tasmania;65410;Waratah-Wynyard;AUS;local government area;Waratah-Wynyard
2021;6;Tasmania;65810;West Tamar;AUS;local government area;West Tamar
2021;1;New South Wales;10250;Ballina;AUS;local government area;Ballina
2021;1;New South Wales;11200;Brewarrina;AUS;local government area;Brewarrina
2021;1;New South Wales;12150;Coonamble;AUS;local government area;Coonamble
2021;1;New South Wales;13910;Hilltops;AUS;local government area;Hilltops
2021;2;Victoria;26980;Whitehorse;AUS;local government area;Whitehorse
2021;3;Queensland;32600;Croydon;AUS;local government area;Croydon
2021;4;South Australia;44060;Marion;AUS;local government area;Marion
2021;4;South Australia;47800;Coorong;AUS;local government area;Coorong
2021;4;South Australia;48340;Wattle Range;AUS;local government area;Wattle Range
2021;5;Western Australia;50280;Augusta Margaret River;AUS;local government area;Augusta Margaret River
2021;5;Western Australia;52870;Donnybrook-Balingup;AUS;local government area;Donnybrook-Balingup
2021;5;Western Australia;53800;Greater Geraldton;AUS;local government area;Greater Geraldton
2021;5;Western Australia;54550;Kojonup;AUS;local government area;Kojonup
2021;5;Western Australia;55040;Leonora;AUS;local government area;Leonora
2021;5;Western Australia;55460;Merredin;AUS;local government area;Merredin
2021;5;Western Australia;56580;Nedlands;AUS;local government area;Nedlands
2021;5;Western Australia;58470;Upper Gascoyne;AUS;local government area;Upper Gascoyne
2021;7;Northern Territory;71300;East Arnhem;AUS;local government area;East Arnhem
2021;1;New South Wales;12350;Cowra;AUS;local government area;Cowra
2021;1;New South Wales;15560;Murrumbidgee;AUS;local government area;Murrumbidgee
2021;1;New South Wales;17750;Wagga Wagga;AUS;local government area;Wagga Wagga
2021;1;New South Wales;18100;Weddin;AUS;local government area;Weddin
2021;2;Victoria;22620;Greater Bendigo;AUS;local government area;Greater Bendigo
2021;2;Victoria;23810;Latrobe;AUS;local government area;Latrobe (Vic.)
2021;2;Victoria;26490;Surf Coast;AUS;local government area;Surf Coast
2021;3;Queensland;36370;Rockhampton;AUS;local government area;Rockhampton
2021;3;Queensland;37300;Weipa;AUS;local government area;Weipa
2021;3;Queensland;37310;Western Downs;AUS;local government area;Western Downs
2021;4;South Australia;40220;Alexandrina;AUS;local government area;Alexandrina
2021;5;Western Australia;51260;Busselton;AUS;local government area;Busselton
2021;5;Western Australia;58510;Victoria Park;AUS;local government area;Victoria Park
2021;6;Tasmania;62810;Hobart;AUS;local government area;Hobart
2021;1;New South Wales;12870;Federation;AUS;local government area;Federation
2021;1;New South Wales;16150;Orange;AUS;local government area;Orange
2021;1;New South Wales;16550;Randwick;AUS;local government area;Randwick
2021;2;Victoria;21830;Corangamite;AUS;local government area;Corangamite
2021;2;Victoria;23940;Loddon;AUS;local government area;Loddon
2021;2;Victoria;24780;Mildura;AUS;local government area;Mildura
2021;2;Victoria;24970;Monash;AUS;local government area;Monash
2021;2;Victoria;25340;Mornington Peninsula;AUS;local government area;Mornington Peninsula
2021;3;Queensland;31820;Bundaberg;AUS;local government area;Bundaberg
2021;3;Queensland;32770;Doomadgee;AUS;local government area;Doomadgee
2021;3;Queensland;33800;Hinchinbrook;AUS;local government area;Hinchinbrook
2021;4;South Australia;41140;Clare and Gilbert Valleys;AUS;local government area;Clare and Gilbert Valleys
2021;4;South Australia;41190;Cleve;AUS;local government area;Cleve
2021;4;South Australia;41830;Flinders Ranges;AUS;local government area;Flinders Ranges
2021;4;South Australia;42600;Holdfast Bay;AUS;local government area;Holdfast Bay
2021;4;South Australia;43790;Loxton Waikerie;AUS;local government area;Loxton Waikerie
2021;4;South Australia;44830;Mount Remarkable;AUS;local government area;Mount Remarkable
2021;4;South Australia;48260;Walkerville;AUS;local government area;Walkerville
2021;5;Western Australia;52520;Dalwallinu;AUS;local government area;Dalwallinu
2021;5;Western Australia;53360;Exmouth;AUS;local government area;Exmouth
2021;5;Western Australia;54900;Lake Grace;AUS;local government area;Lake Grace
2021;5;Western Australia;55390;Menzies;AUS;local government area;Menzies
2021;5;Western Australia;56620;Ngaanyatjarraku;AUS;local government area;Ngaanyatjarraku
2021;5;Western Australia;56730;Northam;AUS;local government area;Northam
2021;6;Tasmania;63610;Kingborough;AUS;local government area;Kingborough
2021;6;Tasmania;63810;Latrobe;AUS;local government area;Latrobe (Tas.)
2021;6;Tasmania;65210;Tasman;AUS;local government area;Tasman
2021;1;New South Wales;10470;Bathurst Regional;AUS;local government area;Bathurst Regional
2021;1;New South Wales;12390;Dubbo Regional;AUS;local government area;Dubbo Regional
2021;1;New South Wales;13850;Hay;AUS;local government area;Hay
2021;2;Victoria;22490;Golden Plains;AUS;local government area;Golden Plains
2021;2;Victoria;22830;Greater Shepparton;AUS;local government area;Greater Shepparton
2021;3;Queensland;32330;Cherbourg;AUS;local government area;Cherbourg
2021;3;Queensland;35740;Noosa;AUS;local government area;Noosa
2021;3;Queensland;36820;Tablelands;AUS;local government area;Tablelands
2021;4;South Australia;40700;Burnside;AUS;local government area;Burnside
2021;4;South Australia;46510;Prospect;AUS;local government area;Prospect
2021;5;Western Australia;50080;Albany;AUS;local government area;Albany
2021;5;Western Australia;54280;Kalgoorlie-Boulder;AUS;local government area;Kalgoorlie-Boulder
2021;5;Western Australia;54410;Kellerberrin;AUS;local government area;Kellerberrin
2021;5;Western Australia;57700;Serpentine-Jarrahdale;AUS;local government area;Serpentine-Jarrahdale
2021;1;New South Wales;10500;Bayside;AUS;local government area;Bayside (NSW)
2021;1;New South Wales;10750;Blacktown;AUS;local government area;Blacktown
2021;1;New South Wales;11650;Central Coast;AUS;local government area;Central Coast (NSW)
2021;1;New South Wales;14650;Lake Macquarie;AUS;local government area;Lake Macquarie
2021;1;New South Wales;17100;Strathfield;AUS;local government area;Strathfield
2021;1;New South Wales;17400;Tenterfield;AUS;local government area;Tenterfield
2021;2;Victoria;21270;Buloke;AUS;local government area;Buloke
2021;2;Victoria;24130;Macedon Ranges;AUS;local government area;Macedon Ranges
2021;2;Victoria;26730;Warrnambool;AUS;local government area;Warrnambool
2021;2;Victoria;26890;West Wimmera;AUS;local government area;West Wimmera
2021;3;Queensland;34590;Logan;AUS;local government area;Logan
2021;3;Queensland;34710;Longreach;AUS;local government area;Longreach
2021;3;Queensland;34880;Mareeba;AUS;local government area;Mareeba
2021;3;Queensland;35010;Moreton Bay;AUS;local government area;Moreton Bay
2021;5;Western Australia;52170;Cottesloe;AUS;local government area;Cottesloe
2021;5;Western Australia;53710;Goomalling;AUS;local government area;Goomalling
2021;1;New South Wales;11720;Cessnock;AUS;local government area;Cessnock
2021;1;New South Wales;12160;Cootamundra-Gundagai Regional;AUS;local government area;Cootamundra-Gundagai Regional
2021;1;New South Wales;14100;Hunters Hill;AUS;local government area;Hunters Hill
2021;1;New South Wales;14950;Lockhart;AUS;local government area;Lockhart
2021;1;New South Wales;17550;Tweed;AUS;local government area;Tweed
2021;2;Victoria;20570;Ballarat;AUS;local government area;Ballarat
2021;2;Victoria;23110;Hobsons Bay;AUS;local government area;Hobsons Bay
2021;2;Victoria;23270;Hume;AUS;local government area;Hume
2021;2;Victoria;26810;Wellington;AUS;local government area;Wellington
2021;2;Victoria;27260;Wyndham;AUS;local government area;Wyndham
2021;3;Queensland;33830;Hope Vale;AUS;local government area;Hope Vale
2021;3;Queensland;36510;Scenic Rim;AUS;local government area;Scenic Rim
2021;4;South Australia;40910;Campbelltown;AUS;local government area;Campbelltown (SA)
2021;4;South Australia;45540;Peterborough;AUS;local government area;Peterborough
2021;4;South Australia;45680;Playford;AUS;local government area;Playford
2021;4;South Australia;46450;Port Pirie;AUS;local government area;Port Pirie
2021;4;South Australia;48540;Whyalla;AUS;local government area;Whyalla
2021;5;Western Australia;50560;Beverley;AUS;local government area;Beverley
2021;5;Western Australia;54200;Kalamunda;AUS;local government area;Kalamunda
2021;5;Western Australia;54970;Laverton;AUS;local government area;Laverton
2021;1;New South Wales;11570;Canterbury-Bankstown;AUS;local government area;Canterbury-Bankstown
2021;1;New South Wales;12950;Gilgandra;AUS;local government area;Gilgandra
2021;1;New South Wales;14870;Lithgow;AUS;local government area;Lithgow
2021;1;New South Wales;14900;Liverpool;AUS;local government area;Liverpool
2021;1;New South Wales;15050;Maitland;AUS;local government area;Maitland
2021;1;New South Wales;18350;Wingecarribee;AUS;local government area;Wingecarribee
2021;2;Victoria;21180;Brimbank;AUS;local government area;Brimbank
2021;2;Victoria;25710;Nillumbik;AUS;local government area;Nillumbik
2021;3;Queensland;32450;Cloncurry;AUS;local government area;Cloncurry
2021;3;Queensland;33960;Ipswich;AUS;local government area;Ipswich
2021;3;Queensland;35790;Palm Island;AUS;local government area;Palm Island
2021;3;Queensland;36910;Toowoomba;AUS;local government area;Toowoomba
2021;5;Western Australia;50420;Bayswater;AUS;local government area;Bayswater
2021;5;Western Australia;51190;Bunbury;AUS;local government area;Bunbury
2021;5;Western Australia;54170;Joondalup;AUS;local government area;Joondalup
2021;5;Western Australia;57350;Quairading;AUS;local government area;Quairading
2021;7;Northern Territory;72300;Litchfield;AUS;local government area;Litchfield
2021;1;New South Wales;10050;Albury;AUS;local government area;Albury
2021;1;New South Wales;11250;Broken Hill;AUS;local government area;Broken Hill
2021;1;New South Wales;13450;Griffith;AUS;local government area;Griffith
2021;1;New South Wales;14400;Kiama;AUS;local government area;Kiama
2021;1;New South Wales;15900;Newcastle;AUS;local government area;Newcastle
2021;1;New South Wales;16700;Ryde;AUS;local government area;Ryde
2021;1;New South Wales;17620;Upper Hunter Shire;AUS;local government area;Upper Hunter Shire
2021;1;New South Wales;18250;Willoughby;AUS;local government area;Willoughby
2021;2;Victoria;20660;Banyule;AUS;local government area;Banyule
2021;2;Victoria;24250;Mansfield;AUS;local government area;Mansfield
2021;2;Victoria;24330;Maribyrnong;AUS;local government area;Maribyrnong
2021;3;Queensland;33200;Flinders;AUS;local government area;Flinders (Qld)
2021;3;Queensland;33220;Fraser Coast;AUS;local government area;Fraser Coast
2021;3;Queensland;36250;Redland;AUS;local government area;Redland
2021;3;Queensland;37010;Townsville;AUS;local government area;Townsville
2021;5;Western Australia;50250;Ashburton;AUS;local government area;Ashburton
2021;5;Western Australia;51080;Broomehill-Tambellup;AUS;local government area;Broomehill-Tambellup
2021;5;Western Australia;51890;Collie;AUS;local government area;Collie
2021;5;Western Australia;52940;Dowerin;AUS;local government area;Dowerin
2021;5;Western Australia;59320;Woodanilling;AUS;local government area;Woodanilling
2021;7;Northern Territory;74560;Wagait;AUS;local government area;Wagait
2021;1;New South Wales;11400;Cabonne;AUS;local government area;Cabonne
2021;1;New South Wales;14220;Inverell;AUS;local government area;Inverell
2021;1;New South Wales;14600;Lachlan;AUS;local government area;Lachlan
2021;1;New South Wales;16260;Parramatta;AUS;local government area;Parramatta
2021;1;New South Wales;16490;Queanbeyan-Palerang Regional;AUS;local government area;Queanbeyan-Palerang Regional
2021;1;New South Wales;17040;Snowy Monaro Regional;AUS;local government area;Snowy Monaro Regional
2021;1;New South Wales;17900;Walgett;AUS;local government area;Walgett
2021;1;New South Wales;18050;Waverley;AUS;local government area;Waverley
2021;2;Victoria;21010;Benalla;AUS;local government area;Benalla
2021;2;Victoria;27630;Yarriambiack;AUS;local government area;Yarriambiack
2021;3;Queensland;33430;Gold Coast;AUS;local government area;Gold Coast
2021;3;Queensland;36300;Richmond;AUS;local government area;Richmond
2021;4;South Australia;42030;Gawler;AUS;local government area;Gawler
2021;4;South Australia;42110;Goyder;AUS;local government area;Goyder
2021;4;South Australia;42250;Grant;AUS;local government area;Grant
2021;4;South Australia;44210;Mid Murray;AUS;local government area;Mid Murray
2021;5;Western Australia;50910;Brookton;AUS;local government area;Brookton
2021;9;Other Territories;51710;Christmas Island;AUS;local government area;Christmas Island
2021;5;Western Australia;51820;Cockburn;AUS;local government area;Cockburn
2021;5;Western Australia;57980;Subiaco;AUS;local government area;Subiaco
2021;6;Tasmania;60610;Burnie;AUS;local government area;Burnie
2021;9;Other Territories;99399;Unincorp. Other Territories;AUS;local government area;Unincorp. Other Territories